Name,Email,Phone,Description
"Fiona Rutherford",lcummings@gmail.com,762-985-3502,"Suscipit nihil culpa ducimus sed. Non ut cum quia non aut."
"Margarita Pfeffer",jakayla.hirthe@yahoo.com,502.935.7014,"Rerum repellendus eos corrupti beatae aut voluptatem dolore. Non culpa facilis molestiae dolorum. Quam tenetur ipsum similique adipisci iure vel. Odit sapiente et error labore."
"Elyssa Smitham",marcel94@hane.com,701.540.5394,"Ea rerum repellat quidem perferendis est animi sint. Unde voluptates quia nemo. Eius voluptatibus sint ipsam doloribus quia non labore."
"Avis Berge",merlin.balistreri@hotmail.com,+1.386.284.8963,"Quis iste ex quod modi facere maiores. Velit occaecati quia nisi vel. Quasi dolorem et fugit dignissimos eaque nihil. Quo sit libero ipsam consequatur eveniet amet."
"Sandy Boyle DDS",armani50@rath.com,+1-612-834-8045,"Est eos placeat omnis cumque ex. Quo et modi sunt officiis modi."
"Jaydon Hilpert",ggoodwin@brown.net,+1-617-873-1774,"Ullam non ut est dolorem. Rerum id facilis aut fugit perferendis. Cupiditate non est sit consequatur quam rerum dolores itaque."
"Mariam Stark",scotty.mcclure@hotmail.com,754-850-6270,"Provident ut expedita dignissimos voluptas alias itaque quis. Ipsa ut quo voluptatem iste eaque dolor. Temporibus quia distinctio consequatur. Adipisci voluptates sapiente amet est dolorum fuga enim."
"Angelica McDermott",ebayer@yahoo.com,"+1 (541) 209-5878","Dolores ut alias voluptas. Et omnis sunt velit ullam natus. Itaque officiis necessitatibus aut aliquid autem. Iusto est sequi nulla voluptatem."
"Garrison Denesik",jan53@gmail.com,+12397886339,"Omnis assumenda labore voluptas illum voluptatem modi. Ad quaerat exercitationem vel nam ipsa nihil. Aliquam amet tempora voluptatem. Nihil officia vel et aperiam."
"Rosendo Cronin",muller.gaston@gmail.com,"(469) 773-9563","Officiis aut qui veritatis cum. Sapiente id similique assumenda facere eaque aut. Enim commodi odio numquam et sed ut deserunt."